COUNTRY,ISO3,WHO_REGION,DATA_SOURCE,DATE_UPDATED,TOTAL_VACCINATIONS,PERSONS_VACCINATED_1PLUS_DOSE,TOTAL_VACCINATIONS_PER100,PERSONS_VACCINATED_1PLUS_DOSE_PER100,PERSONS_FULLY_VACCINATED,PERSONS_FULLY_VACCINATED_PER100,VACCINES_USED,FIRST_VACCINE_DATE,NUMBER_VACCINES_TYPES_USED,PERSONS_BOOSTER_ADD_DOSE,PERSONS_BOOSTER_ADD_DOSE_PER100
Afghanistan,AFG,EMRO,REPORTING,2022-06-21,6355931,5629522,16.327,14.461,4979930,12.793,"AstraZeneca - Vaxzevria,Beijing CNBG - BBIBP-CorV,Bharat - Covaxin,CanSino - Convidecia,Gamaleya - Gam-Covid-Vac,Gamaleya - Sputnik-Light,Janssen - Ad26.COV 2-S,Moderna - Spikevax,Pfizer BioNTech - Comirnaty,SII - Covishield,Sinovac - CoronaVac",2021-02-22,11,,
Albania,ALB,EURO,REPORTING,2022-06-05,2883079,1322864,100.2,46.482,1244383,43.725,"AstraZeneca - Vaxzevria,Gamaleya - Gam-Covid-Vac,Pfizer BioNTech - Comirnaty,SII - Covishield,Sinovac - CoronaVac",2021-01-13,5,313660,11.021
Algeria,DZA,AFRO,REPORTING,2022-06-05,15205854,7840131,34.676,17.879,6481186,14.78,"Beijing CNBG - BBIBP-CorV,Gamaleya - Gam-Covid-Vac,SII - Covishield,Sinovac - CoronaVac",2021-01-30,4,514063,1.172
American Samoa,ASM,WPRO,REPORTING,2022-06-12,108220,44456,196.061,80.541,40945,74.18,"Janssen - Ad26.COV 2-S,Moderna - Spikevax,Pfizer BioNTech - Comirnaty",2020-12-21,3,22893,41.475
Andorra,AND,EURO,REPORTING,2022-05-29,153072,57880,198.1,75.981,53450,70.166,"AstraZeneca - Vaxzevria,Moderna - Spikevax,Pfizer BioNTech - Comirnaty",2021-01-20,3,41742,54.796
Angola,AGO,AFRO,REPORTING,2022-06-05,19486927,12700926,59.292,38.644,6811268,20.724,SII - Covishield,2021-03-10,1,512820,1.56
Anguilla,AIA,AMRO,REPORTING,2022-06-17,23752,10787,158.326,71.904,10113,67.411,"AstraZeneca - Vaxzevria,Pfizer BioNTech - Comirnaty",2021-02-05,2,2852,19.011
Antigua and Barbuda,ATG,AMRO,REPORTING,2022-06-17,135960,64091,138.835,65.446,62031,63.343,"AstraZeneca - Vaxzevria,Beijing CNBG - BBIBP-CorV,Gamaleya - Gam-Covid-Vac,Janssen - Ad26.COV 2-S,Pfizer BioNTech - Comirnaty,SII - Covishield",2021-03-01,6,9838,10.046
Argentina,ARG,AMRO,REPORTING,2022-06-17,104754263,41139501,231.779,91.025,37554191,83.092,"AstraZeneca - Vaxzevria,Beijing CNBG - BBIBP-CorV,CanSino - Convidecia,Gamaleya - Gam-Covid-Vac,Moderna - Spikevax,Pfizer BioNTech - Comirnaty,SII - Covishield",2020-12-29,7,26377171,58.362
Armenia,ARM,EURO,REPORTING,2022-05-22,2150112,1129669,72.6,38.123,985807,33.268,"AstraZeneca - Vaxzevria,Beijing CNBG - BBIBP-CorV,Gamaleya - Gam-Covid-Vac,Gamaleya - Sputnik-Light,Moderna - Spikevax,Pfizer BioNTech - Comirnaty,Sinovac - CoronaVac,Wuhan CNBG - Inactivated",2021-06-16,8,40725,1.374
Aruba,ABW,AMRO,REPORTING,2022-06-17,171734,89068,160.851,83.424,82666,77.427,"Janssen - Ad26.COV 2-S,Pfizer BioNTech - Comirnaty",2021-02-17,2,,
Australia,AUS,WPRO,REPORTING,2022-06-12,59532043,22327955,233.46,87.561,21628804,84.819,"AstraZeneca - Vaxzevria,Janssen - Ad26.COV 2-S,Moderna - Spikevax,Novavax-NUVAXOVID,Pfizer BioNTech - Comirnaty",2021-02-21,5,13758547,53.955
Austria,AUT,EURO,REPORTING,2022-06-05,18376709,6829180,206.5,76.723,6620108,74.374,"AstraZeneca - Vaxzevria,Janssen - Ad26.COV 2-S,Moderna - Spikevax,Novavax-NUVAXOVID,Pfizer BioNTech - Comirnaty,Unknown Vaccine",2020-12-30,6,5278666,59.304
Azerbaijan,AZE,EURO,REPORTING,2022-06-05,13596277,5372961,134.1,52.992,4853833,47.872,"AstraZeneca - Vaxzevria,Gamaleya - Gam-Covid-Vac,Gamaleya - Sputnik-Light,Pfizer BioNTech - Comirnaty,Sinovac - CoronaVac",2021-01-20,5,3369485,33.232
Bahamas,BHS,AMRO,REPORTING,2022-06-17,340866,166471,86.681,42.333,157964,40.169,"AstraZeneca - Vaxzevria,Janssen - Ad26.COV 2-S,Pfizer BioNTech - Comirnaty,SII - Covishield",2021-03-14,4,27866,7.086
Bahrain,BHR,EMRO,REPORTING,2022-06-21,3451015,1237898,202.813,72.75,1222438,71.842,"AstraZeneca - Vaxzevria,Beijing CNBG - BBIBP-CorV,Bharat - Covaxin,CanSino - Convidecia,Gamaleya - Gam-Covid-Vac,Gamaleya - Sputnik-Light,Janssen - Ad26.COV 2-S,Moderna - Spikevax,Pfizer BioNTech - Comirnaty,SII - Covishield,Sinovac - CoronaVac",2020-11-04,11,990679,58.221
Bangladesh,BGD,SEARO,REPORTING,2022-06-15,274923522,128924938,166.935,78.284,118509035,71.959,"AstraZeneca - Vaxzevria,Beijing CNBG - BBIBP-CorV,Gamaleya - Gam-Covid-Vac,Janssen - Ad26.COV 2-S,Moderna - Spikevax,Pfizer BioNTech - Comirnaty,SII - Covishield,Sinovac - CoronaVac",2021-01-27,8,27489549,16.692
Barbados,BRB,AMRO,REPORTING,2022-06-17,371971,162555,129.437,56.565,153168,53.299,"AstraZeneca - Vaxzevria,Beijing CNBG - BBIBP-CorV,Janssen - Ad26.COV 2-S,Pfizer BioNTech - Comirnaty,SII - Covishield",2021-01-08,5,56248,19.573
Belarus,BLR,EURO,REPORTING,2022-06-05,13106084,6402961,138.7,67.761,6271573,66.371,"Beijing CNBG - BBIBP-CorV,Chumakov - Covi-Vac,Gamaleya - Gam-Covid-Vac,Gamaleya - Sputnik-Light",2021-02-03,4,731072,7.737
Belgium,BEL,EURO,REPORTING,2022-06-05,25357830,9234117,220.1,80.14,9136723,79.295,"AstraZeneca - Vaxzevria,Janssen - Ad26.COV 2-S,Moderna - Spikevax,Pfizer BioNTech - Comirnaty",2020-12-30,4,7148875,62.043
Belize,BLZ,AMRO,REPORTING,2022-06-17,487086,246526,122.498,61.999,212207,53.368,"AstraZeneca - Vaxzevria,Beijing CNBG - BBIBP-CorV,Janssen - Ad26.COV 2-S,Pfizer BioNTech - Comirnaty,SII - Covishield",2021-03-01,5,49668,12.491
Benin,BEN,AFRO,REPORTING,2022-06-05,4156907,3638324,34.289,30.011,2690085,22.19,"AstraZeneca - Vaxzevria,Janssen - Ad26.COV 2-S,Pfizer BioNTech - Comirnaty,SII - Covishield,Sinovac - CoronaVac",2021-03-29,5,,
Bermuda,BMU,AMRO,REPORTING,2022-06-17,131612,48554,211.347,77.97,47657,76.529,"AstraZeneca - Vaxzevria,Pfizer BioNTech - Comirnaty",2021-01-11,2,31821,51.099
Bhutan,BTN,SEARO,REPORTING,2022-06-12,1910077,692909,247.545,89.801,672575,87.165,"AstraZeneca - Vaxzevria,Beijing CNBG - BBIBP-CorV,Moderna - Spikevax,Pfizer BioNTech - Comirnaty,SII - Covishield",2021-03-27,5,544593,70.579
Bolivia (Plurinational State of),BOL,AMRO,REPORTING,2022-06-17,14117040,7232837,120.937,61.962,6005478,51.448,"Beijing CNBG - BBIBP-CorV,Gamaleya - Gam-Covid-Vac,Janssen - Ad26.COV 2-S,Moderna - Spikevax,Pfizer BioNTech - Comirnaty,SII - Covishield",2021-01-30,6,1649557,14.131
Bonaire,XAA,AMRO,REPORTING,2022-06-17,41141,17414,196.706,83.261,15835,75.711,,,,7892,37.734
"Bonaire, Sint Eustatius and Saba",BES,AMRO,REPORTING,2021-04-09,7391,5726,28.441,22.034,2965,11.41,"Moderna - Spikevax,Pfizer BioNTech - Comirnaty",2021-02-22,2,,
Bosnia and Herzegovina,BIH,EURO,REPORTING,2022-01-29,1924950,943394,58.7,28.755,846080,25.789,"AstraZeneca - AZD1222, Pfizer BioNTech - Comirnaty, Sinovac - CoronaVac, Gamaleya - Sputnik V",,4,,
Botswana,BWA,AFRO,REPORTING,2022-06-05,2727844,1695294,115.998,72.09,1510940,64.251,"Bharat - Covaxin,Janssen - Ad26.COV 2-S,Moderna - Spikevax,Pfizer BioNTech - Comirnaty,SII - Covishield,Sinovac - CoronaVac",2021-03-26,6,373727,15.892
Brazil,BRA,AMRO,REPORTING,2022-06-17,441420090,181434207,207.669,85.357,164257907,77.276,"AstraZeneca - Vaxzevria,Janssen - Ad26.COV 2-S,Pfizer BioNTech - Comirnaty,SII - Covishield,Sinovac - CoronaVac",2021-01-17,5,93993563,44.22
British Virgin Islands,VGB,AMRO,REPORTING,2022-06-17,41198,19389,136.25,64.123,18083,59.804,"AstraZeneca - Vaxzevria,Janssen - Ad26.COV 2-S",2021-02-11,2,3726,12.323
Brunei Darussalam,BRN,WPRO,REPORTING,2022-06-12,1173118,444293,268.154,101.558,426764,97.551,"AstraZeneca - Vaxzevria,Beijing CNBG - BBIBP-CorV,Janssen - Ad26.COV 2-S,Moderna - Spikevax,Pfizer BioNTech - Comirnaty",2021-04-03,5,301719,68.968
Bulgaria,BGR,EURO,REPORTING,2022-06-05,4401499,2090864,63.3,30.078,2061839,29.66,"AstraZeneca - Vaxzevria,Janssen - Ad26.COV 2-S,Moderna - Spikevax,Pfizer BioNTech - Comirnaty",2020-12-30,4,756074,10.876
Burkina Faso,BFA,AFRO,REPORTING,2022-06-05,2947562,2449746,14.101,11.719,1555077,7.439,"Beijing CNBG - BBIBP-CorV,Janssen - Ad26.COV 2-S,SII - Covishield",2021-06-02,3,,
Burundi,BDI,AFRO,REPORTING,2022-06-05,16232,14388,0.137,0.121,13811,0.116,Beijing CNBG - BBIBP-CorV,2021-10-18,1,,
Cabo Verde,CPV,AFRO,REPORTING,2022-06-05,762486,355232,137.141,63.892,307398,55.289,"Beijing CNBG - BBIBP-CorV,Moderna - Spikevax,Pfizer BioNTech - Comirnaty,SII - Covishield",2021-03-18,4,142,0.026
Cambodia,KHM,WPRO,REPORTING,2022-06-12,40352987,15054217,241.361,90.043,14341016,85.777,"AstraZeneca - Vaxzevria,Beijing CNBG - BBIBP-CorV,Janssen - Ad26.COV 2-S,Moderna - Spikevax,Pfizer BioNTech - Comirnaty,SII - Covishield,Sinovac - CoronaVac",2021-02-10,7,9300664,55.629
Cameroon,CMR,AFRO,REPORTING,2022-06-05,1837626,1558744,6.922,5.872,1215532,4.579,"Beijing CNBG - BBIBP-CorV,Janssen - Ad26.COV 2-S,Pfizer BioNTech - Comirnaty,SII - Covishield",2021-04-12,4,52011,0.196
Canada,CAN,AMRO,REPORTING,2022-06-17,84962955,32583269,225.114,86.331,31284236,82.889,"AstraZeneca - Vaxzevria,Janssen - Ad26.COV 2-S,Moderna - Spikevax,Pfizer BioNTech - Comirnaty,SII - Covishield",2020-12-14,5,18767101,49.725
Cayman Islands,CYM,AMRO,REPORTING,2022-06-17,145502,61240,221.397,93.183,59442,90.447,Pfizer BioNTech - Comirnaty,2021-01-15,1,23467,35.708
Central African Republic,CAF,AFRO,REPORTING,2022-06-05,1193681,1101130,24.715,22.799,1044746,21.631,"Bharat - Covaxin,SII - Covishield",2021-03-19,2,,
Chad,TCD,AFRO,REPORTING,2022-06-05,2355126,2216437,14.338,13.494,2091466,12.733,Beijing CNBG - BBIBP-CorV,2021-06-04,1,,
Chile,CHL,AMRO,REPORTING,2022-06-17,58450445,17984325,305.764,94.079,17553948,91.828,"AstraZeneca - Vaxzevria,CanSino - Convidecia,Moderna - Spikevax,Pfizer BioNTech - Comirnaty,Sinovac - CoronaVac",2020-12-21,5,14873217,77.804
China,CHN,WPRO,REPORTING,2022-06-12,3404609752,1297310115,231.404,88.175,1266938522,86.111,"Anhui ZL - Zifivax,Beijing CNBG - BBIBP-CorV,CanSino - Convidecia,IMB - Covidful,Pfizer BioNTech - Comirnaty,Shenzhen - LV-SMENP-DC,Sinovac - CoronaVac,Wuhan CNBG - Inactivated",2020-07-22,8,762460149,51.823
Colombia,COL,AMRO,REPORTING,2022-06-17,85152277,42365365,167.35,83.261,36081319,70.911,"AstraZeneca - Vaxzevria,Janssen - Ad26.COV 2-S,Moderna - Spikevax,Pfizer BioNTech - Comirnaty,Sinovac - CoronaVac",2021-02-17,5,12719794,24.998
Comoros,COM,AFRO,REPORTING,2022-06-05,642520,341302,73.887,39.248,301218,34.639,"Beijing CNBG - BBIBP-CorV,Bharat - Covaxin,SII - Covishield",2021-04-10,3,,
Congo,COG,AFRO,REPORTING,2022-06-05,831318,693902,15.065,12.575,652422,11.823,"Beijing CNBG - BBIBP-CorV,Gamaleya - Gam-Covid-Vac,Moderna - Spikevax,SII - Covishield",2021-03-23,4,,
Cook Islands,COK,WPRO,REPORTING,2022-06-12,39748,15013,226.304,85.476,14760,84.036,Pfizer BioNTech - Comirnaty,2021-05-17,1,9975,56.792
Costa Rica,CRI,AMRO,REPORTING,2022-06-17,11017624,4437629,216.281,87.113,4143017,81.329,"AstraZeneca - Vaxzevria,Moderna - Spikevax,Pfizer BioNTech - Comirnaty",2020-12-24,3,2299181,45.134
Côte d’Ivoire,CIV,AFRO,REPORTING,2022-06-05,12753769,8026397,48.35,30.428,5540193,21.003,"Beijing CNBG - BBIBP-CorV,Gamaleya - Gam-Covid-Vac,Janssen - Ad26.COV 2-S,Pfizer BioNTech - Comirnaty,SII - Covishield",2021-03-01,5,87290,0.331
Croatia,HRV,EURO,REPORTING,2022-06-05,5253373,2313092,129.5,57.032,2239483,55.185,"AstraZeneca - Vaxzevria,Janssen - Ad26.COV 2-S,Moderna - Spikevax,Novavax-NUVAXOVID,Pfizer BioNTech - Comirnaty,Unknown Vaccine",2020-12-23,6,897391,22.113
Cuba,CUB,AMRO,REPORTING,2022-06-17,36548708,10675478,322.68,94.251,9969231,88.016,"CIGB - CIGB-66,Finlay - Soberana Plus,Finlay - Soberana-02",,3,7345149,64.849
Curaçao,CUW,AMRO,REPORTING,2022-06-17,253771,108229,154.651,65.956,99491,60.631,"AstraZeneca - Vaxzevria,Moderna - Spikevax,Pfizer BioNTech - Comirnaty",2021-02-24,3,46051,28.064
Cyprus,CYP,EURO,REPORTING,2022-05-29,1785214,663886,201,74.762,659912,74.314,"AstraZeneca - Vaxzevria,Janssen - Ad26.COV 2-S,Moderna - Spikevax,Novavax-NUVAXOVID,Pfizer BioNTech - Comirnaty",2020-12-23,5,464010,52.253
Czechia,CZE,EURO,REPORTING,2022-05-29,17620044,6956360,164.8,65.05,6868349,64.227,"AstraZeneca - Vaxzevria,Janssen - Ad26.COV 2-S,Moderna - Spikevax,Novavax-NUVAXOVID,Pfizer BioNTech - Comirnaty",2020-12-23,5,4205395,39.325
Democratic Republic of the Congo,COD,AFRO,REPORTING,2022-06-05,2952125,2416650,3.296,2.698,1710177,1.91,SII - Covishield,2021-04-19,1,,
Denmark,DNK,EURO,REPORTING,2022-06-05,13207451,4830163,226.8,82.953,4783142,82.146,"AstraZeneca - Vaxzevria,Janssen - Ad26.COV 2-S,Moderna - Spikevax,Pfizer BioNTech - Comirnaty,Unknown Vaccine",2020-12-16,5,3640931,62.529
Djibouti,DJI,EMRO,REPORTING,2022-06-13,209475,188889,21.202,19.118,148843,15.065,"AstraZeneca - Vaxzevria,Beijing CNBG - BBIBP-CorV,Bharat - Covaxin,CanSino - Convidecia,Gamaleya - Gam-Covid-Vac,Gamaleya - Sputnik-Light,Janssen - Ad26.COV 2-S,Moderna - Spikevax,Pfizer BioNTech - Comirnaty,SII - Covishield,Sinovac - CoronaVac",2021-03-15,11,,
Dominica,DMA,AMRO,REPORTING,2022-06-17,66872,32830,92.889,45.603,30396,42.222,"AstraZeneca - Vaxzevria,Beijing CNBG - BBIBP-CorV,Pfizer BioNTech - Comirnaty,SII - Covishield",2021-02-12,4,3646,5.065
Dominican Republic,DOM,AMRO,REPORTING,2022-06-17,15586494,7229701,143.682,66.646,5990745,55.225,"AstraZeneca - Vaxzevria,SII - Covishield,Sinovac - CoronaVac",2021-02-16,3,2366048,21.811
Ecuador,ECU,AMRO,REPORTING,2022-06-17,35632189,15179732,201.962,86.038,14000036,79.352,"AstraZeneca - Vaxzevria,CanSino - Convidecia,Pfizer BioNTech - Comirnaty,Sinovac - CoronaVac",2021-01-20,4,6412717,36.347
Egypt,EGY,EMRO,REPORTING,2022-06-20,89160782,49617353,87.127,48.486,36411837,35.581,"AstraZeneca - Vaxzevria,Beijing CNBG - BBIBP-CorV,Bharat - Covaxin,CanSino - Convidecia,Gamaleya - Gam-Covid-Vac,Gamaleya - Sputnik-Light,Janssen - Ad26.COV 2-S,Moderna - Spikevax,Pfizer BioNTech - Comirnaty,Sinovac - CoronaVac",2021-01-24,10,4798479,4.689
El Salvador,SLV,AMRO,REPORTING,2022-06-17,10808356,4590599,166.636,70.775,4298045,66.264,"AstraZeneca - Vaxzevria,Beijing CNBG - BBIBP-CorV,Moderna - Spikevax,Pfizer BioNTech - Comirnaty,SII - Covishield,Sinovac - CoronaVac",2021-02-17,6,1662624,25.633
Equatorial Guinea,GNQ,AFRO,REPORTING,2022-06-05,479991,265505,34.212,18.924,206762,14.737,"Beijing CNBG - BBIBP-CorV,Sinovac - CoronaVac",2021-02-12,2,3862,0.275
Estonia,EST,EURO,REPORTING,2022-05-29,2073453,841601,156,63.327,837237,62.999,"AstraZeneca - Vaxzevria,Janssen - Ad26.COV 2-S,Moderna - Spikevax,Novavax-NUVAXOVID,Pfizer BioNTech - Comirnaty",2020-12-23,5,458730,34.518
Eswatini,SWZ,AFRO,REPORTING,2022-06-05,535393,387468,46.148,33.398,336066,28.967,"Janssen - Ad26.COV 2-S,Pfizer BioNTech - Comirnaty,SII - Covishield",2021-03-19,3,,
Ethiopia,ETH,AFRO,REPORTING,2022-06-05,29419678,24770491,25.59,21.546,21292024,18.521,"Beijing CNBG - BBIBP-CorV,Bharat - Covaxin,Janssen - Ad26.COV 2-S,SII - Covishield",2021-03-13,4,346411,0.301
Falkland Islands (Malvinas),FLK,AMRO,OWID,2021-04-14,4407,2632,126.529,75.567,1775,50.962,AstraZeneca - AZD1222,,1,,
Faroe Islands,FRO,EURO,OWID,2022-02-18,103894,41715,212.614,85.368,40895,83.69,"Moderna - mRNA-1273, Pfizer BioNTech - Comirnaty",,2,21284,43.557
Fiji,FJI,WPRO,REPORTING,2022-06-12,1475100,706027,164.55,78.759,634541,70.784,"AstraZeneca - Vaxzevria,Moderna - Spikevax,SII - Covishield",2021-03-07,3,134532,15.007
Finland,FIN,EURO,REPORTING,2022-06-05,11833690,4531585,214.2,82.015,4340343,78.554,"AstraZeneca - Vaxzevria,Janssen - Ad26.COV 2-S,Moderna - Spikevax,Pfizer BioNTech - Comirnaty,Unknown Vaccine",2020-12-23,5,2961762,53.604
France,FRA,EURO,REPORTING,2022-05-29,148063245,54398084,219.9,80.805,52812105,78.449,"AstraZeneca - Vaxzevria,Janssen - Ad26.COV 2-S,Moderna - Spikevax,Novavax-NUVAXOVID,Pfizer BioNTech - Comirnaty,Unknown Vaccine",2020-12-30,6,39925755,59.307
French Guiana,GUF,AMRO,REPORTING,2022-06-17,232354,98674,77.793,33.036,89382,29.925,"Moderna - Spikevax,Pfizer BioNTech - Comirnaty",2021-01-13,2,43375,14.522
French Polynesia,PYF,WPRO,REPORTING,2022-06-12,456203,183647,162.403,65.376,183647,65.376,"Janssen - Ad26.COV 2-S,Pfizer BioNTech - Comirnaty",2021-01-18,2,88909,31.651
Gabon,GAB,AFRO,REPORTING,2022-06-05,566886,308489,25.47,13.86,256088,11.506,"Beijing CNBG - BBIBP-CorV,Gamaleya - Gam-Covid-Vac,Pfizer BioNTech - Comirnaty",2021-03-23,3,2309,0.104
Gambia,GMB,AFRO,REPORTING,2022-06-05,720000,449464,29.793,18.599,354340,14.662,"Beijing CNBG - BBIBP-CorV,SII - Covishield",2021-03-10,2,9007,0.373
Georgia,GEO,EURO,REPORTING,2022-05-29,2688150,1282325,67.4,32.145,1166967,29.253,"AstraZeneca - Vaxzevria,Beijing CNBG - BBIBP-CorV,Pfizer BioNTech - Comirnaty,Sinovac - CoronaVac",2021-03-17,4,238858,5.988
Germany,DEU,EURO,REPORTING,2022-05-29,179952194,64542796,216.4,77.607,64501003,77.556,"AstraZeneca - Vaxzevria,Janssen - Ad26.COV 2-S,Moderna - Spikevax,Novavax-NUVAXOVID,Pfizer BioNTech - Comirnaty,Unknown Vaccine",2020-12-23,6,49637048,59.684
Ghana,GHA,AFRO,REPORTING,2022-06-05,16203630,9786631,52.147,31.496,6410470,20.63,"Gamaleya - Gam-Covid-Vac,SII - Covishield",2021-03-02,2,570557,1.836
Gibraltar,GIB,EURO,OWID,2022-04-21,119855,42074,355.748,124.882,41421,122.944,"AstraZeneca - AZD1222, Pfizer BioNTech - Comirnaty",,2,36360,107.922
Greece,GRC,EURO,REPORTING,2022-05-29,21094849,7897973,196.8,73.685,7713777,71.967,"AstraZeneca - Vaxzevria,Janssen - Ad26.COV 2-S,Moderna - Spikevax,Novavax-NUVAXOVID,Pfizer BioNTech - Comirnaty",2020-12-23,5,5784095,53.963
Greenland,GRL,EURO,OWID,2022-03-07,79745,41243,140.465,72.647,38502,67.819,Moderna - mRNA-1273,,1,,
Grenada,GRD,AMRO,REPORTING,2022-06-17,88940,43703,79.042,38.839,38492,34.208,"AstraZeneca - Vaxzevria,Janssen - Ad26.COV 2-S,Pfizer BioNTech - Comirnaty,SII - Covishield",2021-02-15,4,6745,5.994
Guadeloupe,GLP,AMRO,REPORTING,2022-06-17,379418,149256,94.825,37.302,143380,35.834,"AstraZeneca - Vaxzevria,Janssen - Ad26.COV 2-S,Moderna - Spikevax,Pfizer BioNTech - Comirnaty",2021-01-08,6,84781,21.189
Guam,GUM,WPRO,REPORTING,2022-06-12,349073,154519,206.827,91.553,140525,83.262,"Janssen - Ad26.COV 2-S,Moderna - Spikevax,Pfizer BioNTech - Comirnaty",2021-01-04,3,61789,36.61
Guatemala,GTM,AMRO,REPORTING,2022-06-17,17758404,8280337,99.123,46.219,6299168,35.16,"AstraZeneca - Vaxzevria,Gamaleya - Gam-Covid-Vac,Moderna - Spikevax,Pfizer BioNTech - Comirnaty,SII - Covishield",2021-02-25,5,3034134,16.936
Guernsey,GGY,EURO,OWID,2022-06-17,156744,,243.135,,,,"Moderna - mRNA-1273, AstraZeneca - AZD1222, Pfizer BioNTech - Comirnaty",,3,,
Guinea,GIN,AFRO,REPORTING,2022-06-05,6127699,4477740,46.66,34.096,2511039,19.12,"Beijing CNBG - BBIBP-CorV,Gamaleya - Gam-Covid-Vac,Janssen - Ad26.COV 2-S,Pfizer BioNTech - Comirnaty,SII - Covishield,Sinovac - CoronaVac",2021-03-05,6,,
Guinea-Bissau,GNB,AFRO,REPORTING,2022-06-05,562717,529346,28.593,26.898,341781,17.367,"Beijing CNBG - BBIBP-CorV,SII - Covishield",2021-04-02,2,81,0.004
Guyana,GUY,AMRO,REPORTING,2022-06-17,913682,477942,116.163,60.764,368375,46.834,"AstraZeneca - Vaxzevria,Beijing CNBG - BBIBP-CorV,Gamaleya - Gam-Covid-Vac,Janssen - Ad26.COV 2-S,Moderna - Spikevax,Pfizer BioNTech - Comirnaty,SII - Covishield",2021-02-11,7,67365,8.565
Haiti,HTI,AMRO,REPORTING,2022-06-17,319983,219752,2.806,1.927,145544,1.276,"Janssen - Ad26.COV 2-S,Moderna - Spikevax",,2,,
Honduras,HND,AMRO,REPORTING,2022-06-17,14369912,6288510,145.083,63.491,5354643,54.062,"AstraZeneca - Vaxzevria,Gamaleya - Gam-Covid-Vac,Janssen - Ad26.COV 2-S,Moderna - Spikevax,Pfizer BioNTech - Comirnaty,SII - Covishield",2021-02-22,6,2727134,27.534
Hungary,HUN,EURO,REPORTING,2022-05-29,16398692,6346095,167.9,64.958,6139822,62.847,"AstraZeneca - Vaxzevria,Beijing CNBG - BBIBP-CorV,Gamaleya - Gam-Covid-Vac,Janssen - Ad26.COV 2-S,Moderna - Spikevax,Pfizer BioNTech - Comirnaty,Sinovac - CoronaVac",2020-12-23,7,3841324,39.319
Iceland,ISL,EURO,REPORTING,2022-05-29,803561,306483,220.7,84.168,296820,81.514,"AstraZeneca - Vaxzevria,Janssen - Ad26.COV 2-S,Moderna - Spikevax,Pfizer BioNTech - Comirnaty",2020-12-30,4,250197,68.71
India,IND,SEARO,REPORTING,2022-06-16,1956513732,1012536262,141.776,73.372,903877224,65.498,"Bharat - Covaxin,Biological E - Corbevax,Gamaleya - Gam-Covid-Vac,Janssen - Ad26.COV 2-S,Moderna - Spikevax,SII - Covishield,SII - Covovax,Zydus - ZyCov-D",2021-01-16,8,54180061,3.926
Indonesia,IDN,SEARO,REPORTING,2022-06-15,417522347,201000560,152.646,73.486,168251795,61.513,"AstraZeneca - Vaxzevria,Beijing CNBG - BBIBP-CorV,Janssen - Ad26.COV 2-S,Moderna - Spikevax,Novavax-NUVAXOVID,Pfizer BioNTech - Comirnaty,Sinovac - CoronaVac",2021-01-13,7,48269992,17.647
Iran (Islamic Republic of),IRN,EMRO,REPORTING,2022-06-19,149678470,64582816,178.204,76.891,57923578,68.962,"AstraZeneca - Vaxzevria,Beijing CNBG - BBIBP-CorV,Bharat - Covaxin,CanSino - Convidecia,Finlay - Soberana-02,Gamaleya - Gam-Covid-Vac,Gamaleya - Sputnik-Light,Janssen - Ad26.COV 2-S,Moderna - Spikevax,Pfizer BioNTech - Comirnaty,Shifa - COVIran Barakat,Sinovac - CoronaVac",2021-02-09,12,27172076,32.35
Iraq,IRQ,EMRO,REPORTING,2022-06-20,18589241,10808075,46.216,26.871,7590536,18.871,"AstraZeneca - Vaxzevria,Beijing CNBG - BBIBP-CorV,Bharat - Covaxin,CanSino - Convidecia,Gamaleya - Gam-Covid-Vac,Gamaleya - Sputnik-Light,Janssen - Ad26.COV 2-S,Moderna - Spikevax,Pfizer BioNTech - Comirnaty,Sinovac - CoronaVac",2021-03-02,10,190630,0.474
Ireland,IRL,EURO,REPORTING,2022-06-05,11158919,4039018,224.8,83.786,3998907,80.551,"AstraZeneca - Vaxzevria,Janssen - Ad26.COV 2-S,Moderna - Spikevax,Novavax-NUVAXOVID,Pfizer BioNTech - Comirnaty",2020-12-30,5,2939369,59.208
Isle of Man,IMN,EURO,OWID,2022-04-05,189681,69532,223.07,81.772,67024,78.822,"Moderna - mRNA-1273, AstraZeneca - AZD1222, Pfizer BioNTech - Comirnaty",,3,53125,62.476
Israel,ISR,EURO,REPORTING,2022-05-08,15018677,7054015,173.5,81.497,6382834,73.743,"AstraZeneca - Vaxzevria,Moderna - Spikevax,Pfizer BioNTech - Comirnaty",2020-12-16,3,1581828,18.275
Italy,ITA,EURO,REPORTING,2022-05-15,136206350,50381196,228.4,84.478,47455689,79.568,"AstraZeneca - Vaxzevria,Janssen - Ad26.COV 2-S,Moderna - Spikevax,Novavax-NUVAXOVID,Pfizer BioNTech - Comirnaty",2020-12-23,5,39848772,66.814
Jamaica,JAM,AMRO,REPORTING,2022-06-17,1451499,809119,49.018,27.324,705609,23.829,"AstraZeneca - Vaxzevria,Beijing CNBG - BBIBP-CorV,Janssen - Ad26.COV 2-S,Pfizer BioNTech - Comirnaty,SII - Covishield",2021-03-10,5,41688,1.408
Japan,JPN,WPRO,REPORTING,2022-06-12,280973913,103586806,222.155,81.902,102084276,80.714,"AstraZeneca - Vaxzevria,Moderna - Spikevax,Novavax-NUVAXOVID,Pfizer BioNTech - Comirnaty",2021-02-17,4,75296527,59.534
Jersey,JEY,EURO,OWID,2022-06-12,235239,83522,218.226,77.482,80632,74.801,"Moderna - mRNA-1273, AstraZeneca - AZD1222, Pfizer BioNTech - Comirnaty",,3,71085,65.944
Jordan,JOR,EMRO,REPORTING,2022-06-13,9991560,4800016,97.926,47.045,4527770,44.376,"AstraZeneca - Vaxzevria,Beijing CNBG - BBIBP-CorV,Bharat - Covaxin,CanSino - Convidecia,Gamaleya - Gam-Covid-Vac,Gamaleya - Sputnik-Light,Janssen - Ad26.COV 2-S,Moderna - Spikevax,Pfizer BioNTech - Comirnaty,Sinovac - CoronaVac",2021-01-13,10,667902,6.546
Kazakhstan,KAZ,EURO,REPORTING,2022-05-29,26084936,10643089,138.9,56.682,11170347,59.49,"Beijing CNBG - BBIBP-CorV,Gamaleya - Gam-Covid-Vac,Pfizer BioNTech - Comirnaty,RIBSP - QazVac,Sinovac - CoronaVac",2021-04-07,5,4271500,22.749
Kenya,KEN,AFRO,REPORTING,2022-06-05,18367309,12576597,34.158,23.389,9223230,17.153,"Beijing CNBG - BBIBP-CorV,Janssen - Ad26.COV 2-S,Moderna - Spikevax,Pfizer BioNTech - Comirnaty,SII - Covishield",2021-03-05,5,335015,0.623
Kiribati,KIR,WPRO,REPORTING,2022-06-12,151235,80566,126.611,67.448,60670,50.792,"AstraZeneca - Vaxzevria,Beijing CNBG - BBIBP-CorV",2021-05-26,2,9999,8.371
Kosovo,XKX,EURO,REPORTING,2022-05-29,1828696,903026,101.8,50.289,822798,45.821,"AstraZeneca - Vaxzevria,Pfizer BioNTech - Comirnaty",2021-03-31,2,102872,5.729
Kuwait,KWT,EMRO,REPORTING,2022-06-21,8098448,3431562,189.634,80.354,3319074,77.72,"AstraZeneca - Vaxzevria,Beijing CNBG - BBIBP-CorV,Bharat - Covaxin,CanSino - Convidecia,Gamaleya - Gam-Covid-Vac,Gamaleya - Sputnik-Light,Janssen - Ad26.COV 2-S,Moderna - Spikevax,Pfizer BioNTech - Comirnaty,Sinovac - CoronaVac",2020-12-28,10,1347812,31.56
Kyrgyzstan,KGZ,EURO,REPORTING,2022-06-05,2864320,1435682,43.9,22.006,1267444,19.427,"AstraZeneca - Vaxzevria,Beijing CNBG - BBIBP-CorV,Gamaleya - Gam-Covid-Vac,Moderna - Spikevax,Pfizer BioNTech - Comirnaty,RIBSP - QazVac",2021-03-31,6,161194,2.471
Lao People's Democratic Republic,LAO,WPRO,REPORTING,2022-06-12,11130131,5786537,152.98,79.534,4939064,67.886,"AstraZeneca - Vaxzevria,Beijing CNBG - BBIBP-CorV,Gamaleya - Gam-Covid-Vac,Gamaleya - Sputnik-Light,Janssen - Ad26.COV 2-S,Pfizer BioNTech - Comirnaty,SII - Covishield,Sinovac - CoronaVac",2020-11-25,8,1450981,19.943
Latvia,LVA,EURO,REPORTING,2022-05-29,2827840,1300985,148.2,68.197,1269072,66.525,"AstraZeneca - Vaxzevria,Janssen - Ad26.COV 2-S,Moderna - Spikevax,Novavax-NUVAXOVID,Pfizer BioNTech - Comirnaty",2020-12-30,5,529943,27.78
Lebanon,LBN,EMRO,REPORTING,2022-06-19,5663420,2695953,82.975,39.499,2371669,34.747,"AstraZeneca - Vaxzevria,Beijing CNBG - BBIBP-CorV,Bharat - Covaxin,CanSino - Convidecia,Gamaleya - Gam-Covid-Vac,Gamaleya - Sputnik-Light,Janssen - Ad26.COV 2-S,Moderna - Spikevax,Pfizer BioNTech - Comirnaty,Sinovac - CoronaVac",2021-02-14,10,595798,8.729
Lesotho,LSO,AFRO,REPORTING,2022-06-05,948906,1014456,44.295,47.355,739962,34.541,"Beijing CNBG - BBIBP-CorV,Janssen - Ad26.COV 2-S,SII - Covishield",2021-03-10,3,,
Liberia,LBR,AFRO,REPORTING,2022-06-05,1996703,1751520,39.479,34.631,1438154,28.435,SII - Covishield,2021-04-01,1,1912,0.038
Libya,LBY,EMRO,REPORTING,2022-06-16,3560043,2262210,51.81,32.923,1179302,17.163,"AstraZeneca - Vaxzevria,Beijing CNBG - BBIBP-CorV,Bharat - Covaxin,CanSino - Convidecia,Gamaleya - Gam-Covid-Vac,Gamaleya - Sputnik-Light,Janssen - Ad26.COV 2-S,Moderna - Spikevax,Pfizer BioNTech - Comirnaty,Sinovac - CoronaVac",2021-04-11,10,118531,1.725
Liechtenstein,LIE,OTHER,REPORTING,2022-04-10,71104,26681,183.5,68.86,26346,67.995,"Janssen - Ad26.COV 2-S,Moderna - Spikevax,Pfizer BioNTech - Comirnaty",2021-01-06,3,18310,47.255
Lithuania,LTU,EURO,REPORTING,2022-05-29,4472293,1951055,160.1,69.982,1900995,68.036,"AstraZeneca - Vaxzevria,Janssen - Ad26.COV 2-S,Moderna - Spikevax,Pfizer BioNTech - Comirnaty,Unknown Vaccine",2020-12-23,5,889884,31.849
Luxembourg,LUX,EURO,REPORTING,2022-06-05,1266495,469180,202.3,74.936,462145,73.812,"AstraZeneca - Vaxzevria,Janssen - Ad26.COV 2-S,Moderna - Spikevax,Novavax-NUVAXOVID,Pfizer BioNTech - Comirnaty",2020-12-30,5,361660,57.763
Madagascar,MDG,AFRO,REPORTING,2022-06-05,2369775,1290584,8.558,4.661,1199011,4.33,"Beijing CNBG - BBIBP-CorV,Janssen - Ad26.COV 2-S,SII - Covishield",2021-05-10,3,43528,0.157
Malawi,MWI,AFRO,REPORTING,2022-06-05,2166402,1596607,11.325,8.346,1139589,5.957,"Janssen - Ad26.COV 2-S,SII - Covishield",2021-03-11,2,740,0.004
Malaysia,MYS,WPRO,REPORTING,2022-06-12,71034760,28007906,219.473,86.535,27125570,83.809,"AstraZeneca - Vaxzevria,Beijing CNBG - BBIBP-CorV,CanSino - Convidecia,Gamaleya - Gam-Covid-Vac,Janssen - Ad26.COV 2-S,Moderna - Spikevax,Pfizer BioNTech - Comirnaty,Sinovac - CoronaVac",2021-02-24,8,16115896,49.793
Maldives,MDV,SEARO,REPORTING,2022-06-13,945036,398751,174.831,73.768,384347,71.104,"AstraZeneca - Vaxzevria,Beijing CNBG - BBIBP-CorV,Gamaleya - Gam-Covid-Vac,Janssen - Ad26.COV 2-S,Moderna - Spikevax,Pfizer BioNTech - Comirnaty,SII - Covishield,Sinovac - CoronaVac",2021-02-01,8,161938,29.958
Mali,MLI,AFRO,REPORTING,2022-06-05,2308245,1695963,11.398,8.375,1245359,6.15,SII - Covishield,2021-03-31,1,,
Malta,MLT,EURO,REPORTING,2022-05-29,1240419,450051,241.1,87.463,444214,86.328,"AstraZeneca - Vaxzevria,Janssen - Ad26.COV 2-S,Moderna - Spikevax,Pfizer BioNTech - Comirnaty",2020-12-23,4,349063,67.837
Marshall Islands,MHL,WPRO,REPORTING,2022-06-12,67461,35056,113.966,59.222,27591,46.611,"Janssen - Ad26.COV 2-S,Moderna - Spikevax,Pfizer BioNTech - Comirnaty",2020-12-29,3,7595,12.831
Martinique,MTQ,AMRO,REPORTING,2022-06-17,385959,149198,102.85,39.758,143993,38.371,Pfizer BioNTech - Comirnaty,,1,89980,23.978
Mauritania,MRT,AFRO,REPORTING,2022-06-05,2845889,1924472,61.206,41.39,1332013,28.648,"Beijing CNBG - BBIBP-CorV,SII - Covishield",2021-03-26,2,215488,4.634
Mauritius,MUS,AFRO,REPORTING,2022-06-05,2551638,977183,200.637,76.837,944658,74.279,"Beijing CNBG - BBIBP-CorV,Bharat - Covaxin,SII - Covishield",2021-01-26,3,629797,49.521
Mexico,MEX,AMRO,REPORTING,2022-06-17,209030212,88302201,162.123,68.487,79947470,62.007,"AstraZeneca - Vaxzevria,CanSino - Convidecia,Gamaleya - Gam-Covid-Vac,Janssen - Ad26.COV 2-S,Moderna - Spikevax,Pfizer BioNTech - Comirnaty,Sinovac - CoronaVac",2020-12-24,7,53110007,41.192
Micronesia (Federated States of),FSM,WPRO,REPORTING,2022-06-12,128183,67839,111.441,58.979,57297,49.814,"AstraZeneca - Vaxzevria,Janssen - Ad26.COV 2-S,Moderna - Spikevax,Pfizer BioNTech - Comirnaty",2021-01-13,4,15868,13.796
Monaco,MCO,EURO,REPORTING,2022-01-02,58294,23460,148.5,59.78,23356,59.515,"AstraZeneca - Vaxzevria,Janssen - Ad26.COV 2-S,Moderna - Spikevax,Novavax - Covavax,Novavax-NUVAXOVID,Pfizer BioNTech - Comirnaty",2021-06-30,6,11478,29.248
Mongolia,MNG,WPRO,REPORTING,2022-06-12,5631169,2273589,171.772,69.353,2176636,66.395,"AstraZeneca - Vaxzevria,Beijing CNBG - BBIBP-CorV,Gamaleya - Gam-Covid-Vac,Moderna - Spikevax,Pfizer BioNTech - Comirnaty,SII - Covishield",2021-02-23,6,1046753,31.93
Montenegro,MNE,EURO,REPORTING,2022-06-05,525065,271816,83.6,43.709,253249,40.724,"AstraZeneca - Vaxzevria,Beijing CNBG - BBIBP-CorV,Gamaleya - Gam-Covid-Vac,Pfizer BioNTech - Comirnaty,Unknown Vaccine",2021-02-24,5,0,0
Montserrat,MSR,AMRO,REPORTING,2022-06-17,4255,1916,85.117,38.328,1829,36.587,AstraZeneca - Vaxzevria,2021-02-08,1,510,10.202
Morocco,MAR,EMRO,REPORTING,2022-06-21,54791082,24946369,148.443,67.586,23429942,63.478,"AstraZeneca - Vaxzevria,Beijing CNBG - BBIBP-CorV,Bharat - Covaxin,CanSino - Convidecia,Gamaleya - Gam-Covid-Vac,Gamaleya - Sputnik-Light,Janssen - Ad26.COV 2-S,Moderna - Spikevax,Pfizer BioNTech - Comirnaty,Sinovac - CoronaVac",2021-01-28,10,6512484,17.644
Mozambique,MOZ,AFRO,REPORTING,2022-06-05,31616078,14978771,101.154,47.924,14098645,45.108,"Beijing CNBG - BBIBP-CorV,Janssen - Ad26.COV 2-S,SII - Covishield",2021-03-08,3,353032,1.13
Myanmar,MMR,SEARO,REPORTING,2022-06-08,62259560,33004742,114.427,60.66,27027467,49.674,"Beijing CNBG - BBIBP-CorV,SII - Covishield",2021-01-27,2,2227351,4.094
Namibia,NAM,AFRO,REPORTING,2022-06-05,825518,496475,32.489,19.539,426681,16.792,"Beijing CNBG - BBIBP-CorV,Janssen - Ad26.COV 2-S,Pfizer BioNTech - Comirnaty,SII - Covishield",2021-03-19,4,64392,2.534
Nauru,NRU,WPRO,REPORTING,2022-06-12,22976,9464,212.073,87.355,8585,79.241,"AstraZeneca - Vaxzevria,SII - Covishield",2021-04-09,2,4927,45.477
Nepal,NPL,SEARO,REPORTING,2022-06-10,47568725,22462593,163.26,77.094,19976900,68.562,"AstraZeneca - Vaxzevria,Beijing CNBG - BBIBP-CorV,Bharat - Covaxin,Gamaleya - Gam-Covid-Vac,Janssen - Ad26.COV 2-S,Moderna - Spikevax,Pfizer BioNTech - Comirnaty,SII - Covishield",2021-01-27,8,5129232,17.604
Netherlands,NLD,EURO,REPORTING,2022-05-29,35332748,12808594,203,73.581,11983233,68.839,"AstraZeneca - Vaxzevria,Janssen - Ad26.COV 2-S,Moderna - Spikevax,Novavax-NUVAXOVID,Pfizer BioNTech - Comirnaty,Unknown Vaccine",2021-01-06,6,9277089,53.293
New Caledonia,NCL,WPRO,REPORTING,2022-06-12,461391,188346,161.609,65.971,180239,63.131,"Janssen - Ad26.COV 2-S,Pfizer BioNTech - Comirnaty",2021-01-20,2,92806,32.507
New Zealand,NZL,WPRO,REPORTING,2022-06-12,11097728,4261989,230.137,88.382,4080847,84.626,"AstraZeneca - Vaxzevria,Janssen - Ad26.COV 2-S,Novavax-NUVAXOVID,Pfizer BioNTech - Comirnaty",2021-02-19,4,2687175,55.725
Nicaragua,NIC,AMRO,REPORTING,2022-06-17,11139671,5866669,168.157,88.559,5273002,79.598,"AstraZeneca - Vaxzevria,CIGB - CIGB-66,Finlay - Soberana Plus,Finlay - Soberana-02,Gamaleya - Gam-Covid-Vac,Gamaleya - Sputnik-Light,Janssen - Ad26.COV 2-S,Pfizer BioNTech - Comirnaty,SII - Covishield",2021-03-03,9,,
Niger,NER,AFRO,REPORTING,2022-06-05,2703493,2198758,11.168,9.083,1556817,6.431,"Beijing CNBG - BBIBP-CorV,SII - Covishield",2021-03-29,2,,
Nigeria,NGA,AFRO,REPORTING,2022-06-05,46391592,27401621,22.505,13.293,16817979,8.159,SII - Covishield,2021-03-05,1,942369,0.457
Niue,NIU,WPRO,REPORTING,2022-06-12,4161,1650,257.169,101.978,1417,87.577,Pfizer BioNTech - Comirnaty,2021-06-08,1,1094,67.614
North Macedonia,MKD,EURO,REPORTING,2022-06-05,1843815,849038,88.5,40.893,836339,40.281,"AstraZeneca - Vaxzevria,Beijing CNBG - BBIBP-CorV,Gamaleya - Gam-Covid-Vac,Pfizer BioNTech - Comirnaty,Sinovac - CoronaVac,Wuhan CNBG - Inactivated",2021-03-10,6,158438,7.631
Northern Mariana Islands (Commonwealth of the),MNP,WPRO,REPORTING,2022-06-12,111665,44759,194.008,77.765,43866,76.213,"Janssen - Ad26.COV 2-S,Moderna - Spikevax,Pfizer BioNTech - Comirnaty",2020-12-19,3,23040,40.03
Norway,NOR,EURO,REPORTING,2022-05-29,11318644,4336878,210.9,80.798,4044245,75.346,"AstraZeneca - Vaxzevria,Janssen - Ad26.COV 2-S,Moderna - Spikevax,Pfizer BioNTech - Comirnaty",2020-12-23,4,2944542,54.858
occupied Palestinian territory,PSE,EMRO,REPORTING,2022-06-19,3732571,2007851,73.167,39.359,1771951,34.735,"AstraZeneca - Vaxzevria,Beijing CNBG - BBIBP-CorV,Bharat - Covaxin,CanSino - Convidecia,Gamaleya - Gam-Covid-Vac,Gamaleya - Sputnik-Light,Janssen - Ad26.COV 2-S,Moderna - Spikevax,Pfizer BioNTech - Comirnaty,Sinovac - CoronaVac",2021-02-02,10,330905,6.487
Oman,OMN,EMRO,REPORTING,2022-06-20,7068002,3266729,138.408,63.97,3039478,59.52,"AstraZeneca - Vaxzevria,Beijing CNBG - BBIBP-CorV,Bharat - Covaxin,CanSino - Convidecia,Gamaleya - Gam-Covid-Vac,Gamaleya - Sputnik-Light,Janssen - Ad26.COV 2-S,Moderna - Spikevax,Pfizer BioNTech - Comirnaty,SII - Covishield,Sinovac - CoronaVac",2020-12-29,11,761795,14.918
Pakistan,PAK,EMRO,REPORTING,2022-06-20,258021731,144398760,116.809,65.371,122280329,55.357,"AstraZeneca - Vaxzevria,Beijing CNBG - BBIBP-CorV,Bharat - Covaxin,CanSino - Convidecia,Gamaleya - Gam-Covid-Vac,Gamaleya - Sputnik-Light,Janssen - Ad26.COV 2-S,Moderna - Spikevax,Pfizer BioNTech - Comirnaty,SII - Covishield,Sinovac - CoronaVac",2021-02-03,11,8309463,3.762
Palau,PLW,WPRO,REPORTING,2022-06-12,47146,20196,260.59,111.629,17971,99.331,"Janssen - Ad26.COV 2-S,Moderna - Spikevax,Pfizer BioNTech - Comirnaty",2021-01-03,3,11328,62.613
Panama,PAN,AMRO,REPORTING,2022-06-17,8323519,3481249,192.908,80.682,3110890,72.099,"AstraZeneca - Vaxzevria,Pfizer BioNTech - Comirnaty",2021-01-20,2,1615301,37.437
Papua New Guinea,PNG,WPRO,REPORTING,2022-06-12,452777,330825,5.061,3.698,271349,3.033,"AstraZeneca - Vaxzevria,Beijing CNBG - BBIBP-CorV,Janssen - Ad26.COV 2-S,SII - Covishield",2021-03-30,4,15967,0.178
Paraguay,PRY,AMRO,REPORTING,2022-06-03,8798904,3937397,123.363,55.203,3435394,48.165,"AstraZeneca - Vaxzevria,Beijing CNBG - BBIBP-CorV,Bharat - Covaxin,Gamaleya - Gam-Covid-Vac,Julphar - Hayat-Vax,Moderna - Spikevax,Pfizer BioNTech - Comirnaty,Sinovac - CoronaVac",2021-02-22,8,1414436,19.831
Peru,PER,AMRO,REPORTING,2022-06-17,76502839,29446613,232.025,89.308,27504141,83.417,"AstraZeneca - Vaxzevria,Beijing CNBG - BBIBP-CorV,Moderna - Spikevax,Pfizer BioNTech - Comirnaty",2021-02-09,4,18220845,55.262
Philippines,PHL,WPRO,REPORTING,2022-06-12,151919132,74959001,138.636,68.405,70251531,64.109,"AstraZeneca - Vaxzevria,Beijing CNBG - BBIBP-CorV,Bharat - Covaxin,Gamaleya - Gam-Covid-Vac,Gamaleya - Sputnik-Light,Janssen - Ad26.COV 2-S,Julphar - Hayat-Vax,Moderna - Spikevax,Novavax-NUVAXOVID,Pfizer BioNTech - Comirnaty,Sinovac - CoronaVac",2021-03-01,11,14469760,13.205
Pitcairn Islands,PCN,WPRO,REPORTING,2022-06-12,106,46,212,92,37,74,AstraZeneca - Vaxzevria,2021-05-17,1,23,46
Poland,POL,EURO,REPORTING,2022-06-05,54556150,22817488,143.7,60.112,22519615,59.328,"AstraZeneca - Vaxzevria,Janssen - Ad26.COV 2-S,Moderna - Spikevax,Novavax-NUVAXOVID,Pfizer BioNTech - Comirnaty",2020-12-23,5,12038613,31.715
Portugal,PRT,EURO,REPORTING,2022-06-05,24271405,9719672,235.7,94.496,8870861,86.159,"AstraZeneca - Vaxzevria,Beijing CNBG - BBIBP-CorV,Bharat - Covaxin,Janssen - Ad26.COV 2-S,Moderna - Spikevax,Novavax-NUVAXOVID,Pfizer BioNTech - Comirnaty,Sinovac - CoronaVac",2020-12-23,8,6566843,63.781
Puerto Rico,PRI,AMRO,REPORTING,2022-06-17,7333387,3058622,256.336,106.913,2668478,93.276,"Janssen - Ad26.COV 2-S,Moderna - Spikevax,Pfizer BioNTech - Comirnaty",,3,1583755,55.36
Qatar,QAT,EMRO,REPORTING,2022-06-21,6957446,2643389,241.49,91.751,2643389,91.751,"AstraZeneca - Vaxzevria,Beijing CNBG - BBIBP-CorV,Bharat - Covaxin,CanSino - Convidecia,Gamaleya - Gam-Covid-Vac,Gamaleya - Sputnik-Light,Janssen - Ad26.COV 2-S,Moderna - Spikevax,Pfizer BioNTech - Comirnaty,Sinovac - CoronaVac",,10,1670668,57.988
Republic of Korea,KOR,WPRO,REPORTING,2022-06-12,126333492,44971813,246.412,87.717,44505965,86.808,"AstraZeneca - Vaxzevria,Janssen - Ad26.COV 2-S,Moderna - Spikevax,Novavax-NUVAXOVID,Pfizer BioNTech - Comirnaty",2021-02-26,5,34292036,66.886
Republic of Moldova,MDA,EURO,REPORTING,2022-06-05,2193774,1094323,54.4,27.128,1064116,26.379,"AstraZeneca - Vaxzevria,Beijing CNBG - BBIBP-CorV,Gamaleya - Gam-Covid-Vac,Janssen - Ad26.COV 2-S,Moderna - Spikevax,Pfizer BioNTech - Comirnaty,Sinovac - CoronaVac",2021-03-03,7,336756,8.348
Romania,ROU,EURO,REPORTING,2022-06-05,16029665,8174020,82.9,42.289,8121660,42.018,"AstraZeneca - Vaxzevria,Janssen - Ad26.COV 2-S,Moderna - Spikevax,Pfizer BioNTech - Comirnaty",2021-01-27,4,1742898,9.017
Russian Federation,RUS,EURO,OWID,2022-06-08,167218973,81100653,114.6,55.573,73998668,50.707,"SRCVB - EpiVacCorona, Gamaleya - Sputnik V",,2,,
Rwanda,RWA,AFRO,REPORTING,2022-06-05,22214312,9061143,171.51,69.958,8527099,65.835,"Beijing CNBG - BBIBP-CorV,Gamaleya - Gam-Covid-Vac,Janssen - Ad26.COV 2-S,Moderna - Spikevax,Pfizer BioNTech - Comirnaty,SII - Covishield,Sinovac - CoronaVac",2021-03-05,7,4626070,35.716
Saba,XCA,AMRO,REPORTING,2022-06-17,4419,1680,228.608,86.912,1639,84.79,,,,1100,56.906
Saint Helena,SHN,AFRO,OWID,2021-05-05,7892,4361,129.995,71.833,3531,58.162,AstraZeneca - AZD1222,,1,,
Saint Kitts and Nevis,KNA,AMRO,REPORTING,2022-06-17,58821,28590,110.582,53.749,26799,50.382,"AstraZeneca - Vaxzevria,Pfizer BioNTech - Comirnaty,SII - Covishield",2021-02-22,3,3432,6.452
Saint Lucia,LCA,AMRO,REPORTING,2022-06-17,121134,59464,65.967,32.383,54114,29.47,"AstraZeneca - Vaxzevria,Janssen - Ad26.COV 2-S,Moderna - Spikevax,Pfizer BioNTech - Comirnaty,SII - Covishield",2021-02-17,5,7556,4.115
Saint Vincent and the Grenadines,VCT,AMRO,REPORTING,2022-06-17,71303,36679,64.272,33.062,30774,27.739,"AstraZeneca - Vaxzevria,Gamaleya - Gam-Covid-Vac,Gamaleya - Sputnik-Light,Pfizer BioNTech - Comirnaty,SII - Covishield",2021-02-01,5,3850,3.47
Samoa,WSM,WPRO,REPORTING,2022-06-12,438313,190053,220.908,95.786,173378,87.382,"AstraZeneca - Vaxzevria,Pfizer BioNTech - Comirnaty",2021-04-18,2,74882,37.74
San Marino,SMR,EURO,REPORTING,2022-05-22,69338,26357,204.3,76.501,23633,68.595,"Gamaleya - Gam-Covid-Vac,Pfizer BioNTech - Comirnaty",2021-02-24,2,19348,56.158
Sao Tome and Principe,STP,AFRO,REPORTING,2022-06-05,214560,123088,97.902,56.164,91836,41.904,"AstraZeneca - Vaxzevria,SII - Covishield",2021-03-15,2,17869,8.153
Saudi Arabia,SAU,EMRO,REPORTING,2022-06-21,66700629,26713922,191.592,76.734,25082132,72.046,"AstraZeneca - Vaxzevria,Beijing CNBG - BBIBP-CorV,Bharat - Covaxin,CanSino - Convidecia,Gamaleya - Gam-Covid-Vac,Gamaleya - Sputnik-Light,Janssen - Ad26.COV 2-S,Moderna - Spikevax,Pfizer BioNTech - Comirnaty,Sinovac - CoronaVac",2021-01-06,10,14904575,42.812
Senegal,SEN,AFRO,REPORTING,2022-06-05,2523856,1883218,15.073,11.247,1051041,6.277,"Beijing CNBG - BBIBP-CorV,Janssen - Ad26.COV 2-S,SII - Covishield",2021-02-23,3,7027,0.042
Serbia,SRB,EURO,REPORTING,2022-05-29,6707209,3391375,96.8,48.961,3315834,47.87,"AstraZeneca - Vaxzevria,Beijing CNBG - BBIBP-CorV,Gamaleya - Gam-Covid-Vac,Moderna - Spikevax,Pfizer BioNTech - Comirnaty",2020-12-23,5,0,0
Seychelles,SYC,AFRO,REPORTING,2022-06-05,221597,84886,225.322,86.313,80700,82.056,"Beijing CNBG - BBIBP-CorV,Gamaleya - Gam-Covid-Vac,Julphar - Hayat-Vax,SII - Covishield",2021-01-10,4,40188,40.863
Sierra Leone,SLE,AFRO,REPORTING,2022-06-05,2930408,2383636,36.736,29.881,1659093,20.799,"Beijing CNBG - BBIBP-CorV,SII - Covishield",2021-03-15,2,6974,0.087
Singapore,SGP,WPRO,REPORTING,2022-06-12,14149081,5017618,241.85,85.766,4991762,85.324,"AstraZeneca - Vaxzevria,Beijing CNBG - BBIBP-CorV,Moderna - Spikevax,Pfizer BioNTech - Comirnaty",2020-12-30,4,4139701,70.76
Sint Eustatius,XBA,AMRO,REPORTING,2022-06-17,4257,1791,135.616,57.056,1686,53.711,,,,780,24.849
Sint Maarten,SXM,AMRO,REPORTING,2022-06-17,63477,28325,148.027,66.053,26334,61.41,"AstraZeneca - Vaxzevria,Moderna - Spikevax,Pfizer BioNTech - Comirnaty",2021-02-22,3,8818,20.563
Slovakia,SVK,EURO,REPORTING,2022-06-05,7076066,2821854,129.6,51.702,2771772,50.785,"AstraZeneca - Vaxzevria,Gamaleya - Gam-Covid-Vac,Janssen - Ad26.COV 2-S,Moderna - Spikevax,Novavax-NUVAXOVID,Pfizer BioNTech - Comirnaty",2021-01-06,6,1650899,30.248
Slovenia,SVN,EURO,REPORTING,2022-06-05,2957298,1237399,141.1,59.066,1206497,57.566,"AstraZeneca - Vaxzevria,Janssen - Ad26.COV 2-S,Moderna - Spikevax,Novavax-NUVAXOVID,Pfizer BioNTech - Comirnaty",2020-12-23,5,648784,30.955
Solomon Islands,SLB,WPRO,REPORTING,2022-06-12,463516,281359,67.481,40.962,177996,25.914,"AstraZeneca - Vaxzevria,Beijing CNBG - BBIBP-CorV,Pfizer BioNTech - Comirnaty,SII - Covishield",2021-03-23,4,4161,0.606
Somalia,SOM,EMRO,REPORTING,2022-06-19,3090120,2591679,19.443,16.307,1600785,10.072,"AstraZeneca - Vaxzevria,Beijing CNBG - BBIBP-CorV,Bharat - Covaxin,CanSino - Convidecia,Gamaleya - Gam-Covid-Vac,Gamaleya - Sputnik-Light,Janssen - Ad26.COV 2-S,Moderna - Spikevax,Pfizer BioNTech - Comirnaty,SII - Covishield,Sinovac - CoronaVac",2021-03-16,11,,
South Africa,ZAF,AFRO,REPORTING,2022-06-05,36240713,23019199,61.105,38.813,20040729,33.791,"Janssen - Ad26.COV 2-S,Pfizer BioNTech - Comirnaty",2021-02-17,2,3245291,5.472
South Sudan,SSD,AFRO,REPORTING,2022-06-05,1059464,1009259,9.465,9.016,967199,8.641,"Janssen - Ad26.COV 2-S,SII - Covishield",2021-04-06,2,,
Spain,ESP,EURO,REPORTING,2022-05-29,101671001,41212271,214.8,87.07,37367206,78.946,"AstraZeneca - Vaxzevria,Janssen - Ad26.COV 2-S,Moderna - Spikevax,Pfizer BioNTech - Comirnaty",2020-12-30,4,25072132,52.97
Sri Lanka,LKA,SEARO,REPORTING,2022-06-14,39586599,17073712,184.87,79.734,14523208,67.823,"AstraZeneca - Vaxzevria,Beijing CNBG - BBIBP-CorV,Gamaleya - Gam-Covid-Vac,Moderna - Spikevax,Pfizer BioNTech - Comirnaty,SII - Covishield",2021-01-29,6,7989679,37.312
Sudan,SDN,EMRO,REPORTING,2022-06-05,9710092,5929766,22.144,13.523,3742065,8.534,"AstraZeneca - Vaxzevria,Beijing CNBG - BBIBP-CorV,Bharat - Covaxin,CanSino - Convidecia,Gamaleya - Gam-Covid-Vac,Gamaleya - Sputnik-Light,Janssen - Ad26.COV 2-S,Moderna - Spikevax,Pfizer BioNTech - Comirnaty,SII - Covishield,Sinovac - CoronaVac",2021-03-09,11,38261,0.087
Suriname,SUR,AMRO,REPORTING,2022-06-17,554588,267820,94.538,45.654,237879,40.55,"AstraZeneca - Vaxzevria,Beijing CNBG - BBIBP-CorV,Moderna - Spikevax,Pfizer BioNTech - Comirnaty,SII - Covishield",2021-02-23,5,48889,8.334
Sweden,SWE,EURO,REPORTING,2022-05-29,21818451,7555967,211.3,73.163,7390018,71.556,"AstraZeneca - Vaxzevria,Moderna - Spikevax,Novavax-NUVAXOVID,Pfizer BioNTech - Comirnaty,Unknown Vaccine",2020-12-23,5,5402036,52.307
Switzerland,CHE,EURO,REPORTING,2022-06-05,15552115,6085389,179.7,70.711,5706722,66.311,"Janssen - Ad26.COV 2-S,Moderna - Spikevax,Pfizer BioNTech - Comirnaty",2020-12-23,3,3818675,44.372
Syrian Arab Republic,SYR,EMRO,REPORTING,2022-06-18,4144083,2694839,23.68,15.399,1785107,10.2,"AstraZeneca - Vaxzevria,Beijing CNBG - BBIBP-CorV,Bharat - Covaxin,CanSino - Convidecia,Gamaleya - Gam-Covid-Vac,Gamaleya - Sputnik-Light,Janssen - Ad26.COV 2-S,Moderna - Spikevax,Pfizer BioNTech - Comirnaty,SII - Covishield,Sinovac - CoronaVac",2021-04-01,11,27358,0.156
Tajikistan,TJK,EURO,REPORTING,2022-05-08,12504152,5189877,131.1,54.415,4976770,52.18,"AstraZeneca - Vaxzevria,Gamaleya - Gam-Covid-Vac,Moderna - Spikevax,Pfizer BioNTech - Comirnaty,SII - Covishield,Sinovac - CoronaVac",2021-03-24,6,2337505,24.508
Thailand,THA,SEARO,REPORTING,2022-06-10,137732982,56593893,197.325,81.08,52651472,75.432,"AstraZeneca - Vaxzevria,Beijing CNBG - BBIBP-CorV,Janssen - Ad26.COV 2-S,Moderna - Spikevax,Pfizer BioNTech - Comirnaty,SII - Covishield,SII - Covovax,Sinovac - CoronaVac",2021-02-28,8,28487617,40.813
The United Kingdom,GBR,EURO,REPORTING,2022-05-31,148549749,53486907,218.8,78.588,50003659,73.47,"AstraZeneca - Vaxzevria,Moderna - Spikevax,Pfizer BioNTech - Comirnaty",2020-12-21,3,,
Timor-Leste,TLS,SEARO,REPORTING,2022-06-15,1638158,822666,124.249,62.397,694694,52.69,"AstraZeneca - Vaxzevria,Pfizer BioNTech - Comirnaty,SII - Covishield,Sinovac - CoronaVac",2021-04-07,4,120798,9.162
Togo,TGO,AFRO,REPORTING,2022-06-05,3290821,2092750,39.75,25.279,1557538,18.814,SII - Covishield,2021-03-10,1,87104,1.052
Tokelau,TKL,WPRO,REPORTING,2022-06-12,3538,1339,262.074,99.185,1337,99.037,Pfizer BioNTech - Comirnaty,2021-07-20,1,862,63.852
Tonga,TON,WPRO,REPORTING,2022-06-12,261560,104624,247.467,98.987,97151,91.916,"AstraZeneca - Vaxzevria,Pfizer BioNTech - Comirnaty",2021-04-14,2,59785,56.564
Trinidad and Tobago,TTO,AMRO,REPORTING,2022-06-17,1568852,750641,112.102,53.637,713210,50.962,"AstraZeneca - Vaxzevria,Beijing CNBG - BBIBP-CorV,Janssen - Ad26.COV 2-S,Pfizer BioNTech - Comirnaty,SII - Covishield",2021-02-17,5,162292,11.597
Tunisia,TUN,EMRO,REPORTING,2022-06-21,13192714,7234385,111.627,61.212,6376006,53.949,"AstraZeneca - Vaxzevria,Beijing CNBG - BBIBP-CorV,Bharat - Covaxin,CanSino - Convidecia,Gamaleya - Gam-Covid-Vac,Gamaleya - Sputnik-Light,Janssen - Ad26.COV 2-S,Moderna - Spikevax,Pfizer BioNTech - Comirnaty,Sinovac - CoronaVac",2021-03-13,10,1272091,10.763
Turkey,TUR,EURO,OWID,2022-05-31,147734958,57843685,175.2,69.561,53067556,63.818,"Pfizer BioNTech - Comirnaty, Sinovac - CoronaVac, Turkovac",,3,,
Turkmenistan,TKM,EURO,REPORTING,2022-03-06,7140000,2970000,118.4,49.244,2920000,48.415,"Anhui ZL - Zifivax,AstraZeneca - Vaxzevria,Beijing CNBG - BBIBP-CorV,Gamaleya - Gam-Covid-Vac,RIBSP - QazVac,SRCVB - EpiVacCorona,Unknown Vaccine",2021-02-24,7,1250000,20.726
Turks and Caicos Islands,TCA,AMRO,REPORTING,2022-06-17,69803,31989,180.286,82.62,29963,77.388,Pfizer BioNTech - Comirnaty,2021-01-11,1,7851,20.277
Tuvalu,TUV,WPRO,REPORTING,2022-06-12,12528,6368,106.242,54.003,6160,52.239,AstraZeneca - Vaxzevria,2021-04-13,1,,
Uganda,UGA,AFRO,REPORTING,2022-06-05,21268120,15896844,46.497,34.754,10790397,23.59,"Janssen - Ad26.COV 2-S,Moderna - Spikevax,Pfizer BioNTech - Comirnaty,SII - Covishield,Sinovac - CoronaVac",2021-03-10,5,74990,0.164
Ukraine,UKR,EURO,REPORTING,2022-02-27,31668577,15774300,72.4,36.069,15153577,34.65,"AstraZeneca - Vaxzevria,Janssen - Ad26.COV 2-S,Moderna - Spikevax,Pfizer BioNTech - Comirnaty,SII - Covishield,Sinovac - CoronaVac",2021-02-24,6,741197,1.695
United Arab Emirates,ARE,EMRO,REPORTING,2022-06-21,24922054,9991089,251.982,101.018,9792266,99.008,"AstraZeneca - Vaxzevria,Beijing CNBG - BBIBP-CorV,Bharat - Covaxin,CanSino - Convidecia,Gamaleya - Gam-Covid-Vac,Gamaleya - Sputnik-Light,Janssen - Ad26.COV 2-S,Moderna - Spikevax,Pfizer BioNTech - Comirnaty,SII - Covishield,Sinovac - CoronaVac",,11,5138699,51.956
United Republic of Tanzania,TZA,AFRO,REPORTING,2022-06-05,7967468,6483895,13.338,10.855,3915900,6.556,"Beijing CNBG - BBIBP-CorV,Janssen - Ad26.COV 2-S,Pfizer BioNTech - Comirnaty",2021-07-28,3,,
United States of America,USA,AMRO,REPORTING,2022-06-17,584348681,262389739,176.539,79.271,219327995,66.262,"Janssen - Ad26.COV 2-S,Moderna - Spikevax,Pfizer BioNTech - Comirnaty",2020-12-14,3,103097924,31.147
Uruguay,URY,AMRO,REPORTING,2022-06-17,8570717,2995445,246.73,86.231,2884090,83.026,"AstraZeneca - Vaxzevria,Pfizer BioNTech - Comirnaty,Sinovac - CoronaVac",2021-02-27,3,2044699,58.862
Uzbekistan,UZB,EURO,REPORTING,2022-06-05,53160080,19509330,158.8,58.29,15319040,45.771,"Anhui ZL - Zifivax,Gamaleya - Gam-Covid-Vac,Gamaleya - Sputnik-Light,Moderna - Spikevax,Pfizer BioNTech - Comirnaty,SII - Covishield,Sinovac - CoronaVac",2021-04-28,7,8195045,24.485
Vanuatu,VUT,WPRO,REPORTING,2022-06-12,288492,139508,93.927,45.421,126591,41.215,"AstraZeneca - Vaxzevria,Beijing CNBG - BBIBP-CorV,Janssen - Ad26.COV 2-S",2021-06-02,3,20393,6.64
Venezuela (Bolivarian Republic of),VEN,AMRO,REPORTING,2022-06-17,37860994,22157232,133.145,77.92,14287370,50.244,"Beijing CNBG - BBIBP-CorV,CIGB - CIGB-66,Finlay - Soberana-02,Gamaleya - Gam-Covid-Vac,Gamaleya - Sputnik-Light,Sinovac - CoronaVac",2021-02-22,6,651502,2.291
Viet Nam,VNM,WPRO,REPORTING,2022-06-12,223070073,84922250,229.169,87.244,77994241,80.127,"AstraZeneca - Vaxzevria,Beijing CNBG - BBIBP-CorV,CIGB - CIGB-66,Gamaleya - Gam-Covid-Vac,Moderna - Spikevax,Pfizer BioNTech - Comirnaty",2021-03-08,6,57883770,59.466
Wallis and Futuna,WLF,WPRO,REPORTING,2022-06-12,16426,6592,146.061,58.616,6633,58.981,Moderna - Spikevax,2021-03-19,1,3201,28.463
Yemen,YEM,EMRO,REPORTING,2022-06-19,864544,697956,2.899,2.34,446120,1.496,"AstraZeneca - Vaxzevria,Beijing CNBG - BBIBP-CorV,Bharat - Covaxin,CanSino - Convidecia,Gamaleya - Gam-Covid-Vac,Gamaleya - Sputnik-Light,Janssen - Ad26.COV 2-S,Moderna - Spikevax,Pfizer BioNTech - Comirnaty,SII - Covishield,Sinovac - CoronaVac",2021-04-20,11,80,0
Zambia,ZMB,AFRO,REPORTING,2022-06-05,3750417,4656681,20.4,25.33,2935333,15.967,"Beijing CNBG - BBIBP-CorV,Janssen - Ad26.COV 2-S,SII - Covishield",2021-04-14,3,95513,0.52
Zimbabwe,ZWE,AFRO,REPORTING,2022-06-05,10796053,6236512,72.637,41.96,4559541,30.677,"Beijing CNBG - BBIBP-CorV,Bharat - Covaxin,Gamaleya - Gam-Covid-Vac,Sinovac - CoronaVac",2021-02-18,4,829558,5.581
